<PurchaseOrder xmlns:xsi="http://www.w3.org/2001/XMLSchema-instance">
   <Reference>ABANDA-20120715211854607PDT</Reference>
   <Actions>
      <Action>
         <User>ABANDA</User>
      </Action>
   </Actions>
   <Rejection/>
   <Requestor>Amit Banda</Requestor>
   <User>ABANDA</User>
   <CostCenter>A80</CostCenter>
   <ShippingInstructions>
      <name>Amit Banda</name>
      <Address xsi:type="address_UK">
      	<street>Magdalen Centre, The Isis Science Park</street>
				<city>Oxford</city>
				<county>Oxon.</county>
				<postcode>OX9 9ZB</postcode>
				<country>United Kingdom</country>
			</Address>
      <telephone>222-945-6840</telephone>
   </ShippingInstructions>
   <SpecialInstructions>Ground</SpecialInstructions>
   <LineItems>
      <LineItem ItemNumber="1">
         <Part Description="The Blackout" UnitPrice="19.95">43396064478</Part>
         <Quantity>4.0</Quantity>
      </LineItem>
      <LineItem ItemNumber="2">
         <Part Description="Poison Ivy II: Lily" UnitPrice="19.95">794043484728</Part>
         <Quantity>5.0</Quantity>
      </LineItem>
      <LineItem ItemNumber="3">
         <Part Description="Dillinger" UnitPrice="19.95">27616852915</Part>
         <Quantity>2.0</Quantity>
      </LineItem>
      <LineItem ItemNumber="4">
         <Part Description="If Lucy Fell" UnitPrice="27.95">43396058354</Part>
         <Quantity>2.0</Quantity>
      </LineItem>
      <LineItem ItemNumber="5">
         <Part Description="Thinner" UnitPrice="19.95">17153629620</Part>
         <Quantity>2.0</Quantity>
      </LineItem>
   </LineItems>
</PurchaseOrder>

