<PurchaseOrder xmlns:xsi="http://www.w3.org/2001/XMLSchema-instance">
   <Reference>ABULL-20120205163457668PST</Reference>
   <Actions>
      <Action>
         <User>ACABRIO</User>
      </Action>
   </Actions>
   <Rejection/>
   <Requestor>Alexis Bull</Requestor>
   <User>ABULL</User>
   <CostCenter>A50</CostCenter>
   <ShippingInstructions>
      <name>Alexis Bull</name>
      <Address xsi:type="address_US">
      	<street>200 Sporting Green</street>
        <city>South San Francisco</city>
        <state>CA</state>
        <zipCode>99236</zipCode>
        <country>United States of America</country>
     	</Address>
      <telephone>910-957-8590</telephone>
   </ShippingInstructions>
   <SpecialInstructions>Expidite</SpecialInstructions>
   <LineItems>
      <LineItem ItemNumber="1">
         <Part Description="Django 2: Il Grande Ritorno" UnitPrice="27.95">13131172799</Part>
         <Quantity>3.0</Quantity>
      </LineItem>
      <LineItem ItemNumber="2">
         <Part Description="The Jackie Robinson Story" UnitPrice="19.95">27616858955</Part>
         <Quantity>6.0</Quantity>
      </LineItem>
      <LineItem ItemNumber="3">
         <Part Description="Twister" UnitPrice="19.95">85391832126</Part>
         <Quantity>3.0</Quantity>
      </LineItem>
      <LineItem ItemNumber="4">
         <Part Description="After Alice" UnitPrice="19.95">31398747024</Part>
         <Quantity>4.0</Quantity>
      </LineItem>
      <LineItem ItemNumber="5">
         <Part Description="Rudolph the Red-Nosed Reindeer" UnitPrice="19.95">18713810595</Part>
         <Quantity>8.0</Quantity>
      </LineItem>
   </LineItems>
</PurchaseOrder>

