<PurchaseOrder xmlns:xsi="http://www.w3.org/2001/XMLSchema-instance">
   <Reference>ABULL-20120619122717701PDT</Reference>
   <Actions>
      <Action>
         <User>ACABRIO</User>
      </Action>
   </Actions>
   <Rejection/>
   <Requestor>Alexis Bull</Requestor>
   <User>ABULL</User>
   <CostCenter>A50</CostCenter>
   <ShippingInstructions>
      <name>Alexis Bull</name>
      <Address xsi:type="address_US">
      	<street>200 Sporting Green</street>
        <city>South San Francisco</city>
        <state>CA</state>
        <zipCode>99236</zipCode>
        <country>United States of America</country>
     	</Address>
      <telephone>835-0-7980</telephone>
   </ShippingInstructions>
   <SpecialInstructions>Air Mail</SpecialInstructions>
   <LineItems>
      <LineItem ItemNumber="1">
         <Part Description="The Big Sleep" UnitPrice="19.95">12569502628</Part>
         <Quantity>5.0</Quantity>
      </LineItem>
      <LineItem ItemNumber="2">
         <Part Description="Exit Wounds" UnitPrice="19.95">85392106929</Part>
         <Quantity>3.0</Quantity>
      </LineItem>
      <LineItem ItemNumber="3">
         <Part Description="Doc Hollywood" UnitPrice="19.95">85391222224</Part>
         <Quantity>2.0</Quantity>
      </LineItem>
      <LineItem ItemNumber="4">
         <Part Description="Thrill Ride: The Science Of Fun" UnitPrice="19.95">43396048881</Part>
         <Quantity>5.0</Quantity>
      </LineItem>
      <LineItem ItemNumber="5">
         <Part Description="The Beyond" UnitPrice="19.95">13131123197</Part>
         <Quantity>1.0</Quantity>
      </LineItem>
   </LineItems>
</PurchaseOrder>

