<PurchaseOrder xmlns:xsi="http://www.w3.org/2001/XMLSchema-instance">
   <Reference>ABULL-20120302180913168PST</Reference>
   <Actions>
      <Action>
         <User>ACABRIO</User>
      </Action>
   </Actions>
   <Rejection/>
   <Requestor>Alexis Bull</Requestor>
   <User>ABULL</User>
   <CostCenter>A50</CostCenter>
   <ShippingInstructions>
      <name>Alexis Bull</name>
      <Address xsi:type="address_US">
      	<street>200 Sporting Green</street>
        <city>South San Francisco</city>
        <state>CA</state>
        <zipCode>99236</zipCode>
        <country>United States of America</country>
     	</Address>
      <telephone>661-803-5283</telephone>
   </ShippingInstructions>
   <SpecialInstructions>Courier</SpecialInstructions>
   <LineItems>
      <LineItem ItemNumber="1">
         <Part Description="Thrill Ride: The Science Of Fun" UnitPrice="19.95">43396048881</Part>
         <Quantity>2.0</Quantity>
      </LineItem>
      <LineItem ItemNumber="2">
         <Part Description="Star Trek 32: Empath &amp; Tholian Web" UnitPrice="19.95">97366003240</Part>
         <Quantity>9.0</Quantity>
      </LineItem>
      <LineItem ItemNumber="3">
         <Part Description="Thunder Road" UnitPrice="19.95">27616810120</Part>
         <Quantity>1.0</Quantity>
      </LineItem>
      <LineItem ItemNumber="4">
         <Part Description="The Exorcist 3" UnitPrice="19.95">85391748823</Part>
         <Quantity>1.0</Quantity>
      </LineItem>
   </LineItems>
</PurchaseOrder>

