<PurchaseOrder xmlns:xsi="http://www.w3.org/2001/XMLSchema-instance">
   <Reference>ABULL-20120629152135506PDT</Reference>
   <Actions>
      <Action>
         <User>ACABRIO</User>
      </Action>
   </Actions>
   <Rejection/>
   <Requestor>Alexis Bull</Requestor>
   <User>ABULL</User>
   <CostCenter>A50</CostCenter>
   <ShippingInstructions>
      <name>Alexis Bull</name>
      <Address xsi:type="address_US">
      	<street>200 Sporting Green</street>
        <city>South San Francisco</city>
        <state>CA</state>
        <zipCode>99236</zipCode>
        <country>United States of America</country>
     	</Address>
      <telephone>510-583-7450</telephone>
   </ShippingInstructions>
   <SpecialInstructions>Expidite</SpecialInstructions>
   <LineItems>
      <LineItem ItemNumber="1">
         <Part Description="Avengers: 65 Set 1 Volume 1" UnitPrice="19.95">733961700329</Part>
         <Quantity>9.0</Quantity>
      </LineItem>
      <LineItem ItemNumber="2">
         <Part Description="Across 110th Street" UnitPrice="19.95">27616867803</Part>
         <Quantity>3.0</Quantity>
      </LineItem>
      <LineItem ItemNumber="3">
         <Part Description="Titanic" UnitPrice="19.95">13023031197</Part>
         <Quantity>3.0</Quantity>
      </LineItem>
   </LineItems>
</PurchaseOrder>

