<PurchaseOrder xmlns:xsi="http://www.w3.org/2001/XMLSchema-instance">
   <Reference>ACABRIO-20121008163509835PDT</Reference>
   <Actions>
      <Action>
         <User>ACABRIO</User>
      </Action>
   </Actions>
   <Rejection/>
   <Requestor>Anthony Cabrio</Requestor>
   <User>ACABRIO</User>
   <CostCenter>A50</CostCenter>
   <ShippingInstructions>
      <name>Anthony Cabrio</name>
      <Address xsi:type="address_US">
      	<street>200 Sporting Green</street>
        <city>South San Francisco</city>
        <state>CA</state>
        <zipCode>99236</zipCode>
        <country>United States of America</country>
     	</Address>
      <telephone>21-552-5038</telephone>
   </ShippingInstructions>
   <SpecialInstructions>Air Mail</SpecialInstructions>
   <LineItems>
      <LineItem ItemNumber="1">
         <Part Description="Lady and the Tramp 2: Scamp's Adventure" UnitPrice="27.95">786936140491</Part>
         <Quantity>9.0</Quantity>
      </LineItem>
      <LineItem ItemNumber="2">
         <Part Description="Tango" UnitPrice="19.95">43396038349</Part>
         <Quantity>9.0</Quantity>
      </LineItem>
      <LineItem ItemNumber="3">
         <Part Description="Heroes of Iwo Jima" UnitPrice="27.95">733961703368</Part>
         <Quantity>3.0</Quantity>
      </LineItem>
      <LineItem ItemNumber="4">
         <Part Description="Cardcaptor Sakura 5: Vacation Daze" UnitPrice="19.95">13023056695</Part>
         <Quantity>6.0</Quantity>
      </LineItem>
      <LineItem ItemNumber="5">
         <Part Description="The History of the World-- Part I" UnitPrice="19.95">86162128905</Part>
         <Quantity>2.0</Quantity>
      </LineItem>
   </LineItems>
</PurchaseOrder>

