<PurchaseOrder xmlns:xsi="http://www.w3.org/2001/XMLSchema-instance">
   <Reference>AERRAZUR-20120517174900910PDT</Reference>
   <Actions>
      <Action>
         <User>MHARTSTE</User>
      </Action>
   </Actions>
   <Rejection/>
   <Requestor>Alberto Errazuriz</Requestor>
   <User>AERRAZUR</User>
   <CostCenter>A80</CostCenter>
   <ShippingInstructions>
      <name>Alberto Errazuriz</name>
      <Address xsi:type="address_UK">
      	<street>Magdalen Centre, The Isis Science Park</street>
				<city>Oxford</city>
				<county>Oxon.</county>
				<postcode>OX9 9ZB</postcode>
				<country>United Kingdom</country>
			</Address>
      <telephone>262-864-5749</telephone>
   </ShippingInstructions>
   <SpecialInstructions>Hand Carry</SpecialInstructions>
   <LineItems>
      <LineItem ItemNumber="1">
         <Part Description="The Sentinel" UnitPrice="19.95">18713810441</Part>
         <Quantity>3.0</Quantity>
      </LineItem>
      <LineItem ItemNumber="2">
         <Part Description="Hugh Masekela: Homecoming Concert" UnitPrice="19.95">16351010797</Part>
         <Quantity>9.0</Quantity>
      </LineItem>
      <LineItem ItemNumber="3">
         <Part Description="Cheaters" UnitPrice="19.95">26359170928</Part>
         <Quantity>2.0</Quantity>
      </LineItem>
      <LineItem ItemNumber="4">
         <Part Description="Lucky Numbers" UnitPrice="19.95">97363369547</Part>
         <Quantity>3.0</Quantity>
      </LineItem>
   </LineItems>
</PurchaseOrder>

