<PurchaseOrder xmlns:xsi="http://www.w3.org/2001/XMLSchema-instance">
   <Reference>AERRAZUR-20121108134252695PST</Reference>
   <Actions>
      <Action>
         <User>MHARTSTE</User>
      </Action>
   </Actions>
   <Rejection/>
   <Requestor>Alberto Errazuriz</Requestor>
   <User>AERRAZUR</User>
   <CostCenter>A80</CostCenter>
   <ShippingInstructions>
      <name>Alberto Errazuriz</name>
      <Address xsi:type="address_UK">
      	<street>Magdalen Centre, The Isis Science Park</street>
				<city>Oxford</city>
				<county>Oxon.</county>
				<postcode>OX9 9ZB</postcode>
				<country>United Kingdom</country>
			</Address>
      <telephone>310-707-3799</telephone>
   </ShippingInstructions>
   <SpecialInstructions>Hand Carry</SpecialInstructions>
   <LineItems>
      <LineItem ItemNumber="1">
         <Part Description="Three Stooges Festival 1" UnitPrice="27.95">18713830111</Part>
         <Quantity>6.0</Quantity>
      </LineItem>
      <LineItem ItemNumber="2">
         <Part Description="Battle Athletes Victory: Willpower" UnitPrice="19.95">13023023697</Part>
         <Quantity>6.0</Quantity>
      </LineItem>
      <LineItem ItemNumber="3">
         <Part Description="She's the One" UnitPrice="19.95">24543005711</Part>
         <Quantity>6.0</Quantity>
      </LineItem>
      <LineItem ItemNumber="4">
         <Part Description="Silly Symphonies" UnitPrice="27.95">786936158212</Part>
         <Quantity>3.0</Quantity>
      </LineItem>
      <LineItem ItemNumber="5">
         <Part Description="Styx: Return To Paradise" UnitPrice="27.95">60768830790</Part>
         <Quantity>8.0</Quantity>
      </LineItem>
   </LineItems>
</PurchaseOrder>

