<PurchaseOrder xmlns:xsi="http://www.w3.org/2001/XMLSchema-instance">
   <Reference>AERRAZUR-20120920130210951PDT</Reference>
   <Actions>
      <Action>
         <User>MHARTSTE</User>
      </Action>
   </Actions>
   <Rejection/>
   <Requestor>Alberto Errazuriz</Requestor>
   <User>AERRAZUR</User>
   <CostCenter>A80</CostCenter>
   <ShippingInstructions>
      <name>Alberto Errazuriz</name>
      <Address xsi:type="address_UK">
      	<street>Magdalen Centre, The Isis Science Park</street>
				<city>Oxford</city>
				<county>Oxon.</county>
				<postcode>OX9 9ZB</postcode>
				<country>United Kingdom</country>
			</Address>
      <telephone>803-187-0</telephone>
   </ShippingInstructions>
   <SpecialInstructions>Ground</SpecialInstructions>
   <LineItems>
      <LineItem ItemNumber="1">
         <Part Description="The Standard Deviants: Shakespeare Tragedies- Origins and Style" UnitPrice="27.95">631865003921</Part>
         <Quantity>9.0</Quantity>
      </LineItem>
      <LineItem ItemNumber="2">
         <Part Description="When it Was a Game, Vol. 2" UnitPrice="19.95">26359084324</Part>
         <Quantity>1.0</Quantity>
      </LineItem>
      <LineItem ItemNumber="3">
         <Part Description="Senseless" UnitPrice="19.95">717951003454</Part>
         <Quantity>9.0</Quantity>
      </LineItem>
      <LineItem ItemNumber="4">
         <Part Description="I Spy: Blackout" UnitPrice="19.95">14381983425</Part>
         <Quantity>6.0</Quantity>
      </LineItem>
      <LineItem ItemNumber="5">
         <Part Description="Gandhi" UnitPrice="19.95">43396032972</Part>
         <Quantity>4.0</Quantity>
      </LineItem>
   </LineItems>
</PurchaseOrder>

