<PurchaseOrder xmlns:xsi="http://www.w3.org/2001/XMLSchema-instance">
   <Reference>AERRAZUR-20120602120423339PDT</Reference>
   <Actions>
      <Action>
         <User>MHARTSTE</User>
      </Action>
   </Actions>
   <Rejection/>
   <Requestor>Alberto Errazuriz</Requestor>
   <User>AERRAZUR</User>
   <CostCenter>A80</CostCenter>
   <ShippingInstructions>
      <name>Alberto Errazuriz</name>
      <Address xsi:type="address_UK">
      	<street>Magdalen Centre, The Isis Science Park</street>
				<city>Oxford</city>
				<county>Oxon.</county>
				<postcode>OX9 9ZB</postcode>
				<country>United Kingdom</country>
			</Address>
      <telephone>628-975-8554</telephone>
   </ShippingInstructions>
   <SpecialInstructions>Hand Carry</SpecialInstructions>
   <LineItems>
      <LineItem ItemNumber="1">
         <Part Description="Losin' It" UnitPrice="19.95">27616858672</Part>
         <Quantity>6.0</Quantity>
      </LineItem>
      <LineItem ItemNumber="2">
         <Part Description="Phoebe Snow and David Bromberg" UnitPrice="19.95">15095231420</Part>
         <Quantity>3.0</Quantity>
      </LineItem>
      <LineItem ItemNumber="3">
         <Part Description="This Is Spinal Tap" UnitPrice="19.95">27616852809</Part>
         <Quantity>5.0</Quantity>
      </LineItem>
      <LineItem ItemNumber="4">
         <Part Description="Desperado / El Mariachi" UnitPrice="19.95">43396019690</Part>
         <Quantity>6.0</Quantity>
      </LineItem>
      <LineItem ItemNumber="5">
         <Part Description="Firepower 2000, Vol. 3: High-Tech Navy- Warships of Choice On and Under the Sea" UnitPrice="19.95">56775041298</Part>
         <Quantity>7.0</Quantity>
      </LineItem>
      <LineItem ItemNumber="6">
         <Part Description="Bamboozled" UnitPrice="27.95">794043519727</Part>
         <Quantity>2.0</Quantity>
      </LineItem>
      <LineItem ItemNumber="7">
         <Part Description="Edward Scissorhands" UnitPrice="19.95">24543005377</Part>
         <Quantity>1.0</Quantity>
      </LineItem>
   </LineItems>
</PurchaseOrder>

