<PurchaseOrder xmlns:xsi="http://www.w3.org/2001/XMLSchema-instance">
   <Reference>AFRIPP-20121108165216366PST</Reference>
   <Actions>
      <Action>
         <User>MHARTSTE</User>
      </Action>
   </Actions>
   <Rejection/>
   <Requestor>Adam Fripp</Requestor>
   <User>AFRIPP</User>
   <CostCenter>A50</CostCenter>
   <ShippingInstructions>
      <name>Adam Fripp</name>
      <Address xsi:type="address_US">
      	<street>200 Sporting Green</street>
        <city>South San Francisco</city>
        <state>CA</state>
        <zipCode>99236</zipCode>
        <country>United States of America</country>
     	</Address>
      <telephone>54-487-8356</telephone>
   </ShippingInstructions>
   <SpecialInstructions>COD</SpecialInstructions>
   <LineItems>
      <LineItem ItemNumber="1">
         <Part Description="Substitute 1 &amp; 3" UnitPrice="19.95">12236101987</Part>
         <Quantity>3.0</Quantity>
      </LineItem>
      <LineItem ItemNumber="2">
         <Part Description="Miracle on 34th Street" UnitPrice="19.95">24543004974</Part>
         <Quantity>7.0</Quantity>
      </LineItem>
      <LineItem ItemNumber="3">
         <Part Description="Silverado" UnitPrice="19.95">43396042810</Part>
         <Quantity>3.0</Quantity>
      </LineItem>
      <LineItem ItemNumber="4">
         <Part Description="Woyzeck" UnitPrice="19.95">13131112092</Part>
         <Quantity>9.0</Quantity>
      </LineItem>
   </LineItems>
</PurchaseOrder>

