<PurchaseOrder xmlns:xsi="http://www.w3.org/2001/XMLSchema-instance">
   <Reference>AFRIPP-20120716125840289PDT</Reference>
   <Actions>
      <Action>
         <User>MHARTSTE</User>
      </Action>
   </Actions>
   <Rejection/>
   <Requestor>Adam Fripp</Requestor>
   <User>AFRIPP</User>
   <CostCenter>A50</CostCenter>
   <ShippingInstructions>
      <name>Adam Fripp</name>
      <Address xsi:type="address_US">
      	<street>200 Sporting Green</street>
        <city>South San Francisco</city>
        <state>CA</state>
        <zipCode>99236</zipCode>
        <country>United States of America</country>
     	</Address>
      <telephone>351-842-694</telephone>
   </ShippingInstructions>
   <SpecialInstructions>Surface Mail</SpecialInstructions>
   <LineItems>
      <LineItem ItemNumber="1">
         <Part Description="Classical Visions: Beethoven- Spring Flowers" UnitPrice="19.95">56775016692</Part>
         <Quantity>2.0</Quantity>
      </LineItem>
      <LineItem ItemNumber="2">
         <Part Description="Chariots of Fire" UnitPrice="19.95">85392000425</Part>
         <Quantity>2.0</Quantity>
      </LineItem>
      <LineItem ItemNumber="3">
         <Part Description="Look Who's Talking" UnitPrice="19.95">43396791091</Part>
         <Quantity>8.0</Quantity>
      </LineItem>
      <LineItem ItemNumber="4">
         <Part Description="Crunch: Best of Crunch Step" UnitPrice="19.95">13131126099</Part>
         <Quantity>1.0</Quantity>
      </LineItem>
   </LineItems>
</PurchaseOrder>

