<PurchaseOrder xmlns:xsi="http://www.w3.org/2001/XMLSchema-instance">
   <Reference>AFRIPP-20120712210537183PDT</Reference>
   <Actions>
      <Action>
         <User>MHARTSTE</User>
      </Action>
   </Actions>
   <Rejection/>
   <Requestor>Adam Fripp</Requestor>
   <User>AFRIPP</User>
   <CostCenter>A50</CostCenter>
   <ShippingInstructions>
      <name>Adam Fripp</name>
      <Address xsi:type="address_US">
      	<street>200 Sporting Green</street>
        <city>South San Francisco</city>
        <state>CA</state>
        <zipCode>99236</zipCode>
        <country>United States of America</country>
     	</Address>
      <telephone>52-26-422</telephone>
   </ShippingInstructions>
   <SpecialInstructions>Ground</SpecialInstructions>
   <LineItems>
      <LineItem ItemNumber="1">
         <Part Description="The Final Conflict" UnitPrice="19.95">24543004509</Part>
         <Quantity>5.0</Quantity>
      </LineItem>
      <LineItem ItemNumber="2">
         <Part Description="Battle Of Russia &amp; China / Documentary" UnitPrice="19.95">56775000493</Part>
         <Quantity>2.0</Quantity>
      </LineItem>
      <LineItem ItemNumber="3">
         <Part Description="Ronin" UnitPrice="19.95">27616743923</Part>
         <Quantity>8.0</Quantity>
      </LineItem>
      <LineItem ItemNumber="4">
         <Part Description="The Allman Brothers Band: Live at Great Woods" UnitPrice="19.95">74644914696</Part>
         <Quantity>1.0</Quantity>
      </LineItem>
   </LineItems>
</PurchaseOrder>

