<PurchaseOrder xmlns:xsi="http://www.w3.org/2001/XMLSchema-instance">
   <Reference>AHUNOLD-20120819170853844PDT</Reference>
   <Actions>
      <Action>
         <User>AHUNOLD</User>
      </Action>
   </Actions>
   <Rejection/>
   <Requestor>Alexander Hunold</Requestor>
   <User>AHUNOLD</User>
   <CostCenter>A60</CostCenter>
   <ShippingInstructions>
      <name>Alexander Hunold</name>
      <Address xsi:type="address_US">
      	<street>2014 Oxford Rd</street>
        <city>Southlake,</city>
        <state>TX</state>
        <zipCode>26192</zipCode>
        <country>United States of America</country>
     	</Address>
      <telephone>588-181-9671</telephone>
   </ShippingInstructions>
   <SpecialInstructions>Surface Mail</SpecialInstructions>
   <LineItems>
      <LineItem ItemNumber="1">
         <Part Description="Tenchi In Tokyo: A New Friend" UnitPrice="19.95">13023014299</Part>
         <Quantity>6.0</Quantity>
      </LineItem>
      <LineItem ItemNumber="2">
         <Part Description="The Jazz Singer" UnitPrice="19.95">17153333428</Part>
         <Quantity>2.0</Quantity>
      </LineItem>
      <LineItem ItemNumber="3">
         <Part Description="Earthly Possessions" UnitPrice="19.95">26359147524</Part>
         <Quantity>4.0</Quantity>
      </LineItem>
      <LineItem ItemNumber="4">
         <Part Description="Lain: Navi" UnitPrice="19.95">13023022591</Part>
         <Quantity>9.0</Quantity>
      </LineItem>
   </LineItems>
</PurchaseOrder>

