<PurchaseOrder xmlns:xsi="http://www.w3.org/2001/XMLSchema-instance">
   <Reference>AHUNOLD-20120831194507395PDT</Reference>
   <Actions>
      <Action>
         <User>AHUNOLD</User>
      </Action>
   </Actions>
   <Rejection/>
   <Requestor>Alexander Hunold</Requestor>
   <User>AHUNOLD</User>
   <CostCenter>A60</CostCenter>
   <ShippingInstructions>
      <name>Alexander Hunold</name>
      <Address xsi:type="address_US">
      	<street>2014 Oxford Rd</street>
        <city>Southlake,</city>
        <state>TX</state>
        <zipCode>26192</zipCode>
        <country>United States of America</country>
     	</Address>
      <telephone>851-622-135</telephone>
   </ShippingInstructions>
   <SpecialInstructions>Ground</SpecialInstructions>
   <LineItems>
      <LineItem ItemNumber="1">
         <Part Description="B. Monkey" UnitPrice="19.95">717951004789</Part>
         <Quantity>2.0</Quantity>
      </LineItem>
      <LineItem ItemNumber="2">
         <Part Description="After Dark, My Sweet" UnitPrice="19.95">13023024090</Part>
         <Quantity>6.0</Quantity>
      </LineItem>
      <LineItem ItemNumber="3">
         <Part Description="Requiem for a Dream" UnitPrice="19.95">12236115670</Part>
         <Quantity>8.0</Quantity>
      </LineItem>
      <LineItem ItemNumber="4">
         <Part Description="South Central" UnitPrice="19.95">85391259428</Part>
         <Quantity>8.0</Quantity>
      </LineItem>
   </LineItems>
</PurchaseOrder>

