<PurchaseOrder xmlns:xsi="http://www.w3.org/2001/XMLSchema-instance">
   <Reference>AHUNOLD-20120825124608982PDT</Reference>
   <Actions>
      <Action>
         <User>AHUNOLD</User>
      </Action>
   </Actions>
   <Rejection/>
   <Requestor>Alexander Hunold</Requestor>
   <User>AHUNOLD</User>
   <CostCenter>A60</CostCenter>
   <ShippingInstructions>
      <name>Alexander Hunold</name>
      <Address xsi:type="address_US">
      	<street>2014 Oxford Rd</street>
        <city>Southlake,</city>
        <state>TX</state>
        <zipCode>26192</zipCode>
        <country>United States of America</country>
     	</Address>
      <telephone>964-622-9582</telephone>
   </ShippingInstructions>
   <SpecialInstructions>Surface Mail</SpecialInstructions>
   <LineItems>
      <LineItem ItemNumber="1">
         <Part Description="Jack and the Beanstalk" UnitPrice="27.95">56775032890</Part>
         <Quantity>4.0</Quantity>
      </LineItem>
      <LineItem ItemNumber="2">
         <Part Description="Sharpe's Rifles" UnitPrice="19.95">66805915796</Part>
         <Quantity>8.0</Quantity>
      </LineItem>
      <LineItem ItemNumber="3">
         <Part Description="Meet The Parents" UnitPrice="19.95">25192113321</Part>
         <Quantity>3.0</Quantity>
      </LineItem>
      <LineItem ItemNumber="4">
         <Part Description="Tail Lights Fade" UnitPrice="19.95">31398728023</Part>
         <Quantity>4.0</Quantity>
      </LineItem>
      <LineItem ItemNumber="5">
         <Part Description="Sophie's Choice" UnitPrice="19.95">12236048701</Part>
         <Quantity>3.0</Quantity>
      </LineItem>
      <LineItem ItemNumber="6">
         <Part Description="Young Frankenstein" UnitPrice="19.95">86162090707</Part>
         <Quantity>5.0</Quantity>
      </LineItem>
   </LineItems>
</PurchaseOrder>

